{
  "features/agent/download_quote.feature": 31.688702821731567,
  "features/shipper/create_contacts.feature": 6.978410005569458,
  "features/shipper/fcl_export_booking_process.feature": 315.4916272163391,
  "features/shipper/lcl_export_booking_process.feature": 248.76760149002075,
  "features/shipper/request_rates.feature": 101.87116694450378,
  "features/visitors/login.feature": 6.1255388259887695
}