{
  "features/agent/download_quote.feature": 16.380465269088745,
  "features/shipper/booking_process.feature": 460.2320177555084,
  "features/shipper/request_rates.feature": 208.69551420211792,
  "features/visitors/create_contacts.feature": 6.858694076538086,
  "features/visitors/login.feature": 4.270060300827026
}